x,y,z,gx,gy,gz,motor0,motor1,motor2,motor3,target_yaw,yaw
-0.0441949,-0.0645616,0.220044,0,0,4,0,0,0,0,0,-0.0332458
-0.0437971,-0.0637855,0.22303,0,0,4,0,0,0,0,0,-0.0333257
-0.0437971,-0.0637855,0.22303,0,0,4,0,0,0,0,0,-0.0333257
-0.0437971,-0.0637855,0.22303,0,0,4,0,0,0,0,0,-0.0334049
-0.0433855,-0.0630169,0.226027,0,0,4,0,0,0,0,0,-0.0335007
-0.0433855,-0.0630169,0.226027,0,0,4,0,0,0,0,0,-0.0335007
-0.0433855,-0.0630169,0.226027,0,0,4,0,0,0,0,0,-0.0335479
-0.0431226,-0.0624868,0.22841,0,0,4,0,0,0,0,0,-0.0335815
-0.0431226,-0.0624868,0.22841,0,0,4,0,0,0,0,0,-0.0335967
-0.0427081,-0.061652,0.233144,0,0,4,0,0,0,0,0,-0.0336407
-0.0427081,-0.061652,0.233144,0,0,4,0,0,0,0,0,-0.0336705
-0.0427081,-0.061652,0.233144,0,0,4,0,0,0,0,0,-0.0336849
-0.0424222,-0.0610624,0.23755,0,0,4,0,0,0,0,0,-0.0337071
-0.0424222,-0.0610624,0.23755,0,0,4,0,0,0,0,0,-0.0337251
-0.0419236,-0.0601313,0.246054,0,0,4,0,0,0,0,0,-0.0337376
-0.0419236,-0.0601313,0.246054,0,0,4,0,0,0,0,0,-0.0337455
-0.0419236,-0.0601313,0.246054,0,0,4,0,0,0,0,0,-0.033758
-0.0415333,-0.0594774,0.253039,0,0,4,0,0,0,0,0,-0.0337633
-0.0415333,-0.0594774,0.253039,0,0,4,0,0,0,0,0,-0.0337655
-0.0415333,-0.0594774,0.253039,0,0,4,0,0,0,0,0,-0.0337762
-0.0408629,-0.0584245,0.265635,0,0,4,0,0,0,0,0,-0.0337717
-0.0408629,-0.0584245,0.265635,0,0,4,0,0,0,0,0,-0.0337731
-0.0403665,-0.057675,0.275184,0,0,4,0,0,0,0,0,-0.0337706
-0.0403665,-0.057675,0.275184,0,0,4,0,0,0,0,0,-0.0337615
-0.0403665,-0.057675,0.275184,0,0,4,0,0,0,0,0,-0.0337497
-0.0398051,-0.0568683,0.285742,0,0,4,0,0,0,0,0,-0.0337257
-0.0398051,-0.0568683,0.285742,0,0,4,0,0,0,0,0,-0.0337154
-0.0388769,-0.0555772,0.303272,0,0,4,0,0,0,0,0,-0.0337042
-0.0388769,-0.0555772,0.303272,0,0,4,0,0,0,0,0,-0.0336902
-0.0388769,-0.0555772,0.303272,0,0,4,0,0,0,0,0,-0.0336661
-0.0378293,-0.0541717,0.322988,0,0,4,0,0,0,0,0,-0.0336511
-0.0378293,-0.0541717,0.322988,0,0,4,0,0,0,0,0,-0.0336511
-0.0378293,-0.0541717,0.322988,0,0,4,0,0,0,0,0,-0.0336374
-0.037014,-0.053151,0.337459,0,0,4,0,0,0,0,0,-0.0336019
-0.037014,-0.053151,0.337459,0,0,4,0,0,0,0,0,-0.033577
-0.0356999,-0.0515476,0.360049,0,0,4,0,0,0,0,0,-0.0335651
-0.0356999,-0.0515476,0.360049,0,0,4,0,0,0,0,0,-0.0335649
-0.0356999,-0.0515476,0.360049,0,0,4,0,0,0,0,0,-0.0335649
-0.0347371,-0.0504198,0.375949,0,0,4,0,0,0,0,0,-0.0335633
-0.0347371,-0.0504198,0.375949,0,0,4,0,0,0,0,0,-0.0335629
-0.0331695,-0.0486017,0.401105,0,0,4,0,0,0,0,0,-0.0335592
-0.0331695,-0.0486017,0.401105,0,0,4,0,0,0,0,0,-0.0335556
-0.0331695,-0.0486017,0.401105,0,0,4,0,0,0,0,0,-0.0335488
-0.0320718,-0.0473344,0.41862,0,0,4,0,0,0,0,0,-0.0335458
-0.0320718,-0.0473344,0.41862,0,0,4,0,0,0,0,0,-0.0335284
-0.0302812,-0.045314,0.44633,0,0,4,0,0,0,0,0,-0.0335277
-0.0302812,-0.045314,0.44633,0,0,4,0,0,0,0,0,-0.0335276
-0.0302812,-0.045314,0.44633,0,0,4,0,0,0,0,0,-0.0335232
-0.0290663,-0.0439434,0.465464,0,0,4,0,0,0,0,0,-0.0335185
-0.0290663,-0.0439434,0.465464,0,0,4,0,0,0,0,0,-0.0335145
-0.0271235,-0.0417652,0.495574,0,0,4,0,0,0,0,0,-0.0335043
-0.0271235,-0.0417652,0.495574,0,0,4,0,0,0,0,0,-0.0334995
-0.0271235,-0.0417652,0.495574,0,0,4,0,0,0,0,0,-0.0334851
-0.0257749,-0.0402735,0.516171,0,0,4,0,0,0,0,0,-0.0334687
-0.0257749,-0.0402735,0.516171,0,0,4,0,0,0,0,0,-0.0334707
-0.0257749,-0.0402735,0.516171,0,0,4,0,0,0,0,0,-0.0334796
-0.0236869,-0.0380006,0.54674,0,0,4,0,0,0,0,0,-0.0334926
-0.0236869,-0.0380006,0.54674,0,0,4,0,0,0,0,0,-0.0335036
-0.0222286,-0.0364488,0.566974,0,0,4,0,0,0,0,0,-0.0335191
-0.0222286,-0.0364488,0.566974,0,0,4,0,0,0,0,0,-0.0335281
-0.0222286,-0.0364488,0.566974,0,0,4,0,0,0,0,0,-0.0335275
-0.0200164,-0.034118,0.599317,0,0,4,0,0,0,0,0,-0.0335321
-0.0200164,-0.034118,0.599317,0,0,4,0,0,0,0,0,-0.0335374
-0.0185117,-0.0325768,0.622836,0,0,4,0,0,0,0,0,-0.0335473
-0.0185117,-0.0325768,0.622836,0,0,4,0,0,0,0,0,-0.0335506
-0.0185117,-0.0325768,0.622836,0,0,4,0,0,0,0,0,-0.0335506
-0.0162334,-0.0303109,0.661317,0,0,4,0,0,0,0,0,-0.0335612
-0.0162334,-0.0303109,0.661317,0,0,4,0,0,0,0,0,-0.0335658
-0.0162334,-0.0303109,0.661317,0,0,4,0,0,0,0,0,-0.0335687
-0.0147168,-0.028815,0.68906,0,0,4,0,0,0,0,0,-0.0335695
-0.0147168,-0.028815,0.68906,0,0,4,0,0,0,0,0,-0.0335745
-0.0131506,-0.0273921,0.718763,0,0,4,0,0,0,0,0,-0.0335861
-0.0131506,-0.0273921,0.718763,0,0,4,0,0,0,0,0,-0.03359
-0.0131506,-0.0273921,0.718763,0,0,4,0,0,0,0,0,-0.0335918
-0.0108191,-0.0253029,0.766621,0,0,4,0,0,0,0,0,-0.0336026
-0.0108191,-0.0253029,0.766621,0,0,4,0,0,0,0,0,-0.0336149
-0.00850353,-0.0232905,0.818672,0,0,4,0,0,0,0,0,-0.0336213
-0.00850353,-0.0232905,0.818672,0,0,4,0,0,0,0,0,-0.033628
-0.00850353,-0.0232905,0.818672,0,0,4,0,0,0,0,0,-0.0336288
-0.00698527,-0.0220341,0.856146,0,0,4,0,0,0,0,0,-0.0336467
-0.00698527,-0.0220341,0.856146,0,0,4,0,0,0,0,0,-0.0336479
-0.00698527,-0.0220341,0.856146,0,0,4,0,0,0,0,0,-0.0336497
-0.00477962,-0.0201873,0.91532,0,0,4,0,0,0,0,0,-0.0336444
-0.00477962,-0.0201873,0.91532,0,0,4,0,0,0,0,0,-0.0336402
-0.00334081,-0.0190448,0.957489,0,0,4,0,0,0,0,0,-0.0336434
-0.00334081,-0.0190448,0.957489,0,0,4,0,0,0,0,0,-0.0336369
-0.00334081,-0.0190448,0.957489,0,0,4,0,0,0,0,0,-0.0336298
-0.00125768,-0.0174238,1.02404,0,0,4,0,0,0,0,0,-0.0336255
-0.00125768,-0.0174238,1.02404,0,0,4,0,0,0,0,0,-0.0336222
8.66742e-05,-0.0164338,1.07084,0,0,4,0,0,0,0,0,-0.0336189
8.66742e-05,-0.0164338,1.07084,0,0,4,0,0,0,0,0,-0.0336076
8.66742e-05,-0.0164338,1.07084,0,0,4,0,0,0,0,0,-0.0336009
0.00198759,-0.0150767,1.1447,0,0,4,0,0,0,0,0,-0.0335875
0.00198759,-0.0150767,1.1447,0,0,4,0,0,0,0,0,-0.033576
0.00317444,-0.0142418,1.19611,0,0,4,0,0,0,0,0,-0.0335491
0.00317444,-0.0142418,1.19611,0,0,4,0,0,0,0,0,-0.0335491
0.00317444,-0.0142418,1.19611,0,0,4,0,0,0,0,0,-0.0335179
0.00480054,-0.0131979,1.27725,0,0,4,0,0,0,0,0,-0.0335179
0.00480054,-0.0131979,1.27725,0,0,4,0,0,0,0,0,-0.0334399
0.00480054,-0.0131979,1.27725,0,0,4,0,0,0,0,0,-0.0334399
0.00578336,-0.0125932,1.33364,0,0,4,0,0,0,0,0,-0.0333938
0.00578336,-0.0125932,1.33364,0,0,4,0,0,0,0,0,-0.0333687
0.00709912,-0.0118328,1.42165,0,0,4,0,0,0,0,0,-0.0332962
0.00709912,-0.0118328,1.42165,0,0,4,0,0,0,0,0,-0.0332715
0.00709912,-0.0118328,1.42165,0,0,4,0,0,0,0,0,-0.0331877
0.00785982,-0.0114927,1.48301,0,0,4,0,0,0,0,0,-0.0331252
0.00785982,-0.0114927,1.48301,0,0,4,0,0,0,0,0,-0.0330555
0.00883363,-0.0111073,1.57825,0,0,4,0,0,0,0,0,-0.0330198
0.00883363,-0.0111073,1.57825,0,0,4,0,0,0,0,0,-0.0329007
0.00883363,-0.0111073,1.57825,0,0,4,0,0,0,0,0,-0.0328129
0.00935342,-0.0109582,1.64412,0,0,4,0,0,0,0,0,-0.0327208
0.00935342,-0.0109582,1.64412,0,0,4,0,0,0,0,0,-0.0326244
0.00935342,-0.0109582,1.64412,0,0,4,0,0,0,0,0,-0.0325171
0.00993139,-0.0108865,1.74625,0,0,4,0,0,0,0,0,-0.0324174
0.00993139,-0.0108865,1.74625,0,0,4,0,0,0,0,0,-0.0323063
0.0102109,-0.0109086,1.81584,0,0,4,0,0,0,0,0,-0.0321846
0.0102109,-0.0109086,1.81584,0,0,4,0,0,0,0,0,-0.0321846
0.0102109,-0.0109086,1.81584,0,0,4,0,0,0,0,0,-0.0320005
0.0104826,-0.0110478,1.9221,0,0,4,0,0,0,0,0,-0.0318687
0.0104826,-0.0110478,1.9221,0,0,4,0,0,0,0,0,-0.0318687
0.0104826,-0.0110478,1.9221,0,0,4,0,0,0,0,0,-0.031665
0.0105841,-0.0111898,1.99346,0,0,4,0,0,0,0,0,-0.0315937
0.0105841,-0.0111898,1.99346,0,0,4,0,0,0,0,0,-0.0313843
0.0105841,-0.0111898,1.99346,0,0,4,0,0,0,0,0,-0.0313098
0.0105968,-0.0115658,2.10101,0,0,4,0,0,0,0,0,-0.0310746
0.0105968,-0.0115658,2.10101,0,0,4,0,0,0,0,0,-0.0309197
0.0105343,-0.0118543,2.17215,0,0,4,0,0,0,0,0,-0.0307613
0.0105343,-0.0118543,2.17215,0,0,4,0,0,0,0,0,0.00841666
0.0105343,-0.0118543,2.17215,0,0,4,0,0,0,0,0,0.00850167
0.010347,-0.0123354,2.27746,0,0,4,0,0,0,0,0,0.00867437
0.010347,-0.0123354,2.27746,0,0,4,0,0,0,0,0,0.00867437
0.0101974,-0.0126894,2.34643,0,0,4,0,0,0,0,0,0.0091142
0.0101974,-0.0126894,2.34643,0,0,4,0,0,0,0,0,0.0091142
0.0101974,-0.0126894,2.34643,0,0,4,0,0,0,0,0,0.00928435
0.00993531,-0.0132397,2.44732,0,0,4,0,0,0,0,0,0.00945241
0.00993531,-0.0132397,2.44732,0,0,4,0,0,0,0,0,0.00962705
0.00993531,-0.0132397,2.44732,0,0,4,0,0,0,0,0,0.00969518
0.00974257,-0.0136153,2.51269,0,0,4,0,0,0,0,0,0.00966096
0.00974257,-0.0136153,2.51269,0,0,4,0,0,0,0,0,0.00961842
0.00943063,-0.0141984,2.6075,0,0,4,0,0,0,0,0,0.00958141
0.00943063,-0.0141984,2.6075,0,0,4,0,0,0,0,0,0.00954987
0.00943063,-0.0141984,2.6075,0,0,4,0,0,0,0,0,0.00951946
0.0092058,-0.0145897,2.66856,0,0,4,0,0,0,0,0,0.00947942
0.0092058,-0.0145897,2.66856,0,0,4,0,0,0,0,0,0.0094389
0.00886588,-0.0152122,2.7563,0,0,4,0,0,0,0,0,0.00940481
0.00886588,-0.0152122,2.7563,0,0,4,0,0,0,0,0,0.00938371
0.00886588,-0.0152122,2.7563,0,0,4,0,0,0,0,0,0.00930086
0.00864694,-0.0156385,2.81237,0,0,4,0,0,0,0,0,0.00924739
0.00864694,-0.0156385,2.81237,0,0,4,0,0,0,0,0,0.00918945
0.00864694,-0.0156385,2.81237,0,0,4,0,0,0,0,0,0.00913115
0.00833051,-0.01629,2.89281,0,0,4,0,0,0,0,0,0.00907122
0.00833051,-0.01629,2.89281,0,0,4,0,0,0,0,0,0.0090204
0.00811908,-0.0167248,2.94394,0,0,4,0,0,0,0,0,0.00895936
0.00811908,-0.0167248,2.94394,0,0,4,0,0,0,0,0,0.00889519
0.00811908,-0.0167248,2.94394,0,0,4,0,0,0,0,0,0.00883397
0.00780394,-0.0173744,3.01693,0,0,4,0,0,0,0,0,0.00876629
0.00780394,-0.0173744,3.01693,0,0,4,0,0,0,0,0,0.00870929
0.00760146,-0.0178008,3.06278,0,0,4,0,0,0,0,0,0.0086606
0.00760146,-0.0178008,3.06278,0,0,4,0,0,0,0,0,0.0086606
0.00760146,-0.0178008,3.06278,0,0,4,0,0,0,0,0,0.00860328
0.0072923,-0.0184293,3.12808,0,0,4,0,0,0,0,0,0.00850177
0.0072923,-0.0184293,3.12808,0,0,4,0,0,0,0,0,0.00850177
0.00708912,-0.018847,3.16912,0,0,4,0,0,0,0,0,0.00844623
0.00708912,-0.018847,3.16912,0,0,4,0,0,0,0,0,0.00844623
0.00708912,-0.018847,3.16912,0,0,4,0,0,0,0,0,0.00839381
0.00676691,-0.019478,3.22704,0,0,4,0,0,0,0,0,0.00836621
0.00676691,-0.019478,3.22704,0,0,4,0,0,0,0,0,0.00834837
0.00676691,-0.019478,3.22704,0,0,4,0,0,0,0,0,0.00833145
0.006543,-0.01989,3.2635,0,0,4,0,0,0,0,0,0.00831941
0.006543,-0.01989,3.2635,0,0,4,0,0,0,0,0,0.00831387
0.0061568,-0.0205186,3.31441,0,0,4,0,0,0,0,0,0.00831309
0.0061568,-0.0205186,3.31441,0,0,4,0,0,0,0,0,0.00830952
0.0061568,-0.0205186,3.31441,0,0,4,0,0,0,0,0,0.00830801
0.00589642,-0.0209273,3.34622,0,0,4,0,0,0,0,0,0.00831742
0.00589642,-0.0209273,3.34622,0,0,4,0,0,0,0,0,0.00833775
0.00550204,-0.0215227,3.39087,0,0,4,0,0,0,0,0,0.00834448
0.00550204,-0.0215227,3.39087,0,0,4,0,0,0,0,0,0.00838654
0.00550204,-0.0215227,3.39087,0,0,4,0,0,0,0,0,0.0084123
0.00520315,-0.0219321,3.41835,0,0,4,0,0,0,0,0,0.00844965
0.00520315,-0.0219321,3.41835,0,0,4,0,0,0,0,0,0.00848323
0.00520315,-0.0219321,3.41835,0,0,4,0,0,0,0,0,0.00852036
0.00472957,-0.0225288,3.45692,0,0,4,0,0,0,0,0,0.00857075
0.00472957,-0.0225288,3.45692,0,0,4,0,0,0,0,0,0.00862534
0.00438348,-0.0229274,3.48072,0,0,4,0,0,0,0,0,0.00868459
0.00438348,-0.0229274,3.48072,0,0,4,0,0,0,0,0,0.0087441
0.00438348,-0.0229274,3.48072,0,0,4,0,0,0,0,0,0.00876904
0.00384557,-0.02351,3.51403,0,0,4,0,0,0,0,0,0.00885002
0.00384557,-0.02351,3.51403,0,0,4,0,0,0,0,0,0.0089063
0.00345959,-0.0239006,3.53452,0,0,4,0,0,0,0,0,0.00896468
0.00345959,-0.0239006,3.53452,0,0,4,0,0,0,0,0,0.00902848
0.00345959,-0.0239006,3.53452,0,0,4,0,0,0,0,0,0.00910007
0.0028392,-0.0244887,3.56284,0,0,4,0,0,0,0,0,0.00910007
0.0028392,-0.0244887,3.56284,0,0,4,0,0,0,0,0,0.00924634
0.0028392,-0.0244887,3.56284,0,0,4,0,0,0,0,0,0.00932985
0.00241594,-0.0248643,3.58038,0,0,4,0,0,0,0,0,0.00940435
0.00241594,-0.0248643,3.58038,0,0,4,0,0,0,0,0,0.00940435
0.00194831,-0.0252427,3.59654,0,0,4,0,0,0,0,0,0.00955348
0.00194831,-0.0252427,3.59654,0,0,4,0,0,0,0,0,0.00955348
0.00124859,-0.0257713,3.61905,0,0,4,0,0,0,0,0,0.00970247
0.00124859,-0.0257713,3.61905,0,0,4,0,0,0,0,0,0.00970247
0.00124859,-0.0257713,3.61905,0,0,4,0,0,0,0,0,0.00981928
0.000543417,-0.0262674,3.63942,0,0,4,0,0,0,0,0,0.00981928
0.000543417,-0.0262674,3.63942,0,0,4,0,0,0,0,0,0.00993899
0.000543417,-0.0262674,3.63942,0,0,4,0,0,0,0,0,0.0100193
6.59245e-05,-0.0265623,3.6517,0,0,4,0,0,0,0,0,0.010096
6.59245e-05,-0.0265623,3.6517,0,0,4,0,0,0,0,0,0.0101333
-0.000646456,-0.0269399,3.66879,0,0,4,0,0,0,0,0,0.010249
-0.000646456,-0.0269399,3.66879,0,0,4,0,0,0,0,0,0.0103198
-0.000646456,-0.0269399,3.66879,0,0,4,0,0,0,0,0,0.0103544
-0.0011285,-0.0271473,3.67922,0,0,4,0,0,0,0,0,0.0104638
-0.0011285,-0.0271473,3.67922,0,0,4,0,0,0,0,0,0.0105266
-0.00186944,-0.0273818,3.69358,0,0,4,0,0,0,0,0,0.010556
-0.00186944,-0.0273818,3.69358,0,0,4,0,0,0,0,0,0.010648
-0.00186944,-0.0273818,3.69358,0,0,4,0,0,0,0,0,0.0107029
-0.00235928,-0.0274909,3.70248,0,0,4,0,0,0,0,0,0.0107515
-0.00235928,-0.0274909,3.70248,0,0,4,0,0,0,0,0,0.0107933
-0.00235928,-0.0274909,3.70248,0,0,4,0,0,0,0,0,0.010837
-0.0031435,-0.0275836,3.7146,0,0,4,0,0,0,0,0,0.010882
-0.0031435,-0.0275836,3.7146,0,0,4,0,0,0,0,0,0.0109308
-0.00364414,-0.027602,3.72225,0,0,4,0,0,0,0,0,0.0109705
-0.00364414,-0.027602,3.72225,0,0,4,0,0,0,0,0,0.0110085
-0.00364414,-0.027602,3.72225,0,0,4,0,0,0,0,0,0.0110374
-0.00443183,-0.0275723,3.73272,0,0,4,0,0,0,0,0,0.0110618
-0.00443183,-0.0275723,3.73272,0,0,4,0,0,0,0,0,0.0110855
-0.00443183,-0.0275723,3.73272,0,0,4,0,0,0,0,0,0.0111122
-0.00494983,-0.0275163,3.73924,0,0,4,0,0,0,0,0,0.0111355
-0.00494983,-0.0275163,3.73924,0,0,4,0,0,0,0,0,0.011152
-0.00571392,-0.0273773,3.74838,0,0,4,0,0,0,0,0,0.0111714
-0.00571392,-0.0273773,3.74838,0,0,4,0,0,0,0,0,0.0111927
-0.00620384,-0.0272774,3.75402,0,0,4,0,0,0,0,0,0.0112089
-0.00620384,-0.0272774,3.75402,0,0,4,0,0,0,0,0,0.0112267
-0.00620384,-0.0272774,3.75402,0,0,4,0,0,0,0,0,0.0112314
-0.00690236,-0.0270762,3.76206,0,0,4,0,0,0,0,0,0.0112314
-0.00690236,-0.0270762,3.76206,0,0,4,0,0,0,0,0,0.0112416
-0.00690236,-0.0270762,3.76206,0,0,4,0,0,0,0,0,0.0112528
-0.00734526,-0.0269194,3.76712,0,0,4,0,0,0,0,0,0.0112583
-0.00734526,-0.0269194,3.76712,0,0,4,0,0,0,0,0,0.0112626
-0.00796545,-0.0266327,3.77433,0,0,4,0,0,0,0,0,0.0112759
-0.00796545,-0.0266327,3.77433,0,0,4,0,0,0,0,0,0.0112848
-0.00796545,-0.0266327,3.77433,0,0,4,0,0,0,0,0,0.011287
-0.00835002,-0.0264024,3.77896,0,0,4,0,0,0,0,0,0.0112902
-0.00835002,-0.0264024,3.77896,0,0,4,0,0,0,0,0,0.0112879
-0.00835002,-0.0264024,3.77896,0,0,4,0,0,0,0,0,0.0112827
-0.00886803,-0.0259967,3.78552,0,0,4,0,0,0,0,0,0.0112747
-0.00886803,-0.0259967,3.78552,0,0,4,0,0,0,0,0,0.0112666
-0.00918607,-0.0256846,3.78975,0,0,4,0,0,0,0,0,0.0112623
-0.00918607,-0.0256846,3.78975,0,0,4,0,0,0,0,0,0.0112508
-0.00918607,-0.0256846,3.78975,0,0,4,0,0,0,0,0,0.0112295
-0.00962103,-0.0251542,3.7959,0,0,4,0,0,0,0,0,0.0112074
-0.00962103,-0.0251542,3.7959,0,0,4,0,0,0,0,0,0.0111834
-0.00986778,-0.0247699,3.79984,0,0,4,0,0,0,0,0,0.0111696
-0.00986778,-0.0247699,3.79984,0,0,4,0,0,0,0,0,0.0111244
-0.00986778,-0.0247699,3.79984,0,0,4,0,0,0,0,0,0.0110927
-0.010194,-0.0241327,3.80567,0,0,4,0,0,0,0,0,0.0110544
-0.010194,-0.0241327,3.80567,0,0,4,0,0,0,0,0,0.0110181
-0.0103601,-0.0236716,3.80944,0,0,4,0,0,0,0,0,0.0109806
-0.0103601,-0.0236716,3.80944,0,0,4,0,0,0,0,0,0.0109806
-0.0103601,-0.0236716,3.80944,0,0,4,0,0,0,0,0,0.0109056
-0.0105555,-0.022917,3.81498,0,0,4,0,0,0,0,0,0.0109056
-0.0105555,-0.022917,3.81498,0,0,4,0,0,0,0,0,0.0108103
-0.0106447,-0.0223688,3.81858,0,0,4,0,0,0,0,0,0.0107633
-0.0106447,-0.0223688,3.81858,0,0,4,0,0,0,0,0,0.0107633
-0.0106447,-0.0223688,3.81858,0,0,4,0,0,0,0,0,0.010713
-0.0107147,-0.021788,3.82212,0,0,4,0,0,0,0,0,0.010656
-0.0107147,-0.021788,3.82212,0,0,4,0,0,0,0,0,0.0105986
-0.0107147,-0.021788,3.82212,0,0,4,0,0,0,0,0,0.0105455
-0.0107811,-0.020862,3.82732,0,0,4,0,0,0,0,0,0.0104857
-0.0107811,-0.020862,3.82732,0,0,4,0,0,0,0,0,0.0104223
-0.0107763,-0.0202405,3.83065,0,0,4,0,0,0,0,0,0.0103942
-0.0107763,-0.0202405,3.83065,0,0,4,0,0,0,0,0,0.0103
-0.0107763,-0.0202405,3.83065,0,0,4,0,0,0,0,0,0.0102414
-0.0107189,-0.0192742,3.83557,0,0,4,0,0,0,0,0,0.0101814
-0.0107189,-0.0192742,3.83557,0,0,4,0,0,0,0,0,0.0101143
-0.010595,-0.0182757,3.84037,0,0,4,0,0,0,0,0,0.0100397
-0.010595,-0.0182757,3.84037,0,0,4,0,0,0,0,0,0.0099644
-0.010595,-0.0182757,3.84037,0,0,4,0,0,0,0,0,0.00992589
-0.0104835,-0.0176139,3.84346,0,0,4,0,0,0,0,0,0.00980653
-0.0104835,-0.0176139,3.84346,0,0,4,0,0,0,0,0,0.00972683
-0.0103531,-0.0169384,3.84655,0,0,4,0,0,0,0,0,0.00964677
-0.0103531,-0.0169384,3.84655,0,0,4,0,0,0,0,0,0.00960863
-0.0103531,-0.0169384,3.84655,0,0,4,0,0,0,0,0,0.00949379
-0.0101088,-0.0159092,3.85103,0,0,4,0,0,0,0,0,0.00940514
-0.0101088,-0.0159092,3.85103,0,0,4,0,0,0,0,0,0.00931664
-0.0101088,-0.0159092,3.85103,0,0,4,0,0,0,0,0,0.00922676
-0.00982611,-0.014839,3.85542,0,0,4,0,0,0,0,0,0.00913572
-0.00982611,-0.014839,3.85542,0,0,4,0,0,0,0,0,0.00904272
-0.00961703,-0.0141099,3.85832,0,0,4,0,0,0,0,0,0.00895711
-0.00961703,-0.0141099,3.85832,0,0,4,0,0,0,0,0,0.00891783
-0.00961703,-0.0141099,3.85832,0,0,4,0,0,0,0,0,0.00882963
-0.00937697,-0.013365,3.86117,0,0,4,0,0,0,0,0,0.00873494
-0.00937697,-0.013365,3.86117,0,0,4,0,0,0,0,0,0.00857784
-0.00896813,-0.0122273,3.86536,0,0,4,0,0,0,0,0,0.00852699
-0.00896813,-0.0122273,3.86536,0,0,4,0,0,0,0,0,0.00837645
-0.00896813,-0.0122273,3.86536,0,0,4,0,0,0,0,0,0.00826059
-0.00848561,-0.0110927,3.86942,0,0,4,0,0,0,0,0,0.0081505
-0.00848561,-0.0110927,3.86942,0,0,4,0,0,0,0,0,0.00804285
-0.00848561,-0.0110927,3.86942,0,0,4,0,0,0,0,0,0.00804285
-0.00812166,-0.0103464,3.87207,0,0,4,0,0,0,0,0,0.00799018
-0.00812166,-0.0103464,3.87207,0,0,4,0,0,0,0,0,0.00786668
-0.00751437,-0.00924434,3.87596,0,0,4,0,0,0,0,0,0.00768747
-0.00751437,-0.00924434,3.87596,0,0,4,0,0,0,0,0,0.00756677
-0.00751437,-0.00924434,3.87596,0,0,4,0,0,0,0,0,0.00743296
-0.0070188,-0.00851867,3.87846,0,0,4,0,0,0,0,0,0.00729779
-0.0070188,-0.00851867,3.87846,0,0,4,0,0,0,0,0,0.00716763
-0.0070188,-0.00851867,3.87846,0,0,4,0,0,0,0,0,0.0070352
-0.00621896,-0.00745051,3.88215,0,0,4,0,0,0,0,0,0.00688986
-0.00621896,-0.00745051,3.88215,0,0,4,0,0,0,0,0,0.00674467
-0.00561794,-0.0067583,3.88455,0,0,4,0,0,0,0,0,0.00658888
-0.00561794,-0.0067583,3.88455,0,0,4,0,0,0,0,0,0.00643971
-0.00561794,-0.0067583,3.88455,0,0,4,0,0,0,0,0,0.00627592
-0.00465069,-0.00576331,3.88805,0,0,4,0,0,0,0,0,0.00609834
-0.00465069,-0.00576331,3.88805,0,0,4,0,0,0,0,0,0.00601154
-0.0039859,-0.00512516,3.89035,0,0,4,0,0,0,0,0,0.00576282
-0.0039859,-0.00512516,3.89035,0,0,4,0,0,0,0,0,0.00567938
-0.0039859,-0.00512516,3.89035,0,0,4,0,0,0,0,0,0.00542045
-0.00291953,-0.00420193,3.89368,0,0,4,0,0,0,0,0,0.00533092
-0.00291953,-0.00420193,3.89368,0,0,4,0,0,0,0,0,0.00506908
-0.00291953,-0.00420193,3.89368,0,0,4,0,0,0,0,0,0.00506908
-0.00220352,-0.00360034,3.89587,0,0,4,0,0,0,0,0,0.00497768
-0.00220352,-0.00360034,3.89587,0,0,4,0,0,0,0,0,0.00451761
-0.00112382,-0.00272241,3.8991,0,0,4,0,0,0,0,0,0.00451761
-0.00112382,-0.00272241,3.8991,0,0,4,0,0,0,0,0,0.00424684
-0.00112382,-0.00272241,3.8991,0,0,4,0,0,0,0,0,0.00424684
-0.00041283,-0.0021595,3.90123,0,0,4,0,0,0,0,0,0.00399301
-0.00041283,-0.0021595,3.90123,0,0,4,0,0,0,0,0,0.00390715
0.000639386,-0.00135225,3.90438,0,0,4,0,0,0,0,0,0.00365496
0.000639386,-0.00135225,3.90438,0,0,4,0,0,0,0,0,0.00347912
0.000639386,-0.00135225,3.90438,0,0,4,0,0,0,0,0,0.00330517
0.00132337,-0.000820094,3.90644,0,0,4,0,0,0,0,0,0.00322396
0.00132337,-0.000820094,3.90644,0,0,4,0,0,0,0,0,0.00296522
0.00132337,-0.000820094,3.90644,0,0,4,0,0,0,0,0,0.00279636
0.00233375,-6.45457e-05,3.90951,0,0,4,0,0,0,0,0,0.00271743
0.00233375,-6.45457e-05,3.90951,0,0,4,0,0,0,0,0,0.00247215
0.00300266,0.000412347,3.91152,0,0,4,0,0,0,0,0,0.00231107
0.00300266,0.000412347,3.91152,0,0,4,0,0,0,0,0,0.00223147
0.00300266,0.000412347,3.91152,0,0,4,0,0,0,0,0,0.00199699
0.00397348,0.00109155,3.91452,0,0,4,0,0,0,0,0,0.0018423
0.00397348,0.00109155,3.91452,0,0,4,0,0,0,0,0,0.0018423
0.00459926,0.00151484,3.9165,0,0,4,0,0,0,0,0,0.00153709
0.00459926,0.00151484,3.9165,0,0,4,0,0,0,0,0,0.00153709
0.00459926,0.00151484,3.9165,0,0,4,0,0,0,0,0,0.00131964
0.00545453,0.00212188,3.91946,0,0,4,0,0,0,0,0,0.00111137
0.00545453,0.00212188,3.91946,0,0,4,0,0,0,0,0,0.00111137
0.00545453,0.00212188,3.91946,0,0,4,0,0,0,0,0,0.000982735
0.00598017,0.00250494,3.9214,0,0,4,0,0,0,0,0,0.000858534
0.00598017,0.00250494,3.9214,0,0,4,0,0,0,0,0,0.000738455
0.00670035,0.00304563,3.92427,0,0,4,0,0,0,0,0,0.00048529
0.00670035,0.00304563,3.92427,0,0,4,0,0,0,0,0,0.00048529
0.00670035,0.00304563,3.92427,0,0,4,0,0,0,0,0,0.000425304
0.00710041,0.00340109,3.92614,0,0,4,0,0,0,0,0,0.000261203
0.00710041,0.00340109,3.92614,0,0,4,0,0,0,0,0,0.000163538
0.00764025,0.00389953,3.92888,0,0,4,0,0,0,0,0,6.08846e-05
0.00764025,0.00389953,3.92888,0,0,4,0,0,0,0,0,9.44723e-06
0.00764025,0.00389953,3.92888,0,0,4,0,0,0,0,0,-0.00013567
0.00794237,0.0042209,3.93065,0,0,4,0,0,0,0,0,-0.000230921
0.00794237,0.0042209,3.93065,0,0,4,0,0,0,0,0,-0.000317566
0.00794237,0.0042209,3.93065,0,0,4,0,0,0,0,0,-0.000397966
0.00832522,0.0046515,3.93328,0,0,4,0,0,0,0,0,-0.000475292
0.00832522,0.0046515,3.93328,0,0,4,0,0,0,0,0,-0.000513262
0.00851333,0.00490641,3.93497,0,0,4,0,0,0,0,0,-0.000623668
0.00851333,0.00490641,3.93497,0,0,4,0,0,0,0,0,-0.000695159
0.00851333,0.00490641,3.93497,0,0,4,0,0,0,0,0,-0.000729448
0.00872657,0.00523552,3.93744,0,0,4,0,0,0,0,0,-0.000829916
0.00872657,0.00523552,3.93744,0,0,4,0,0,0,0,0,-0.000895507
0.0088315,0.00542047,3.93904,0,0,4,0,0,0,0,0,-0.000956533
0.0088315,0.00542047,3.93904,0,0,4,0,0,0,0,0,-0.00101636
0.0088315,0.00542047,3.93904,0,0,4,0,0,0,0,0,-0.00106804
0.00887895,0.00555552,3.94058,0,0,4,0,0,0,0,0,-0.00111768
0.00887895,0.00555552,3.94058,0,0,4,0,0,0,0,0,-0.0011614
0.00887751,0.00570255,3.94285,0,0,4,0,0,0,0,0,-0.00120931
0.00887751,0.00570255,3.94285,0,0,4,0,0,0,0,0,-0.00123569
0.00887751,0.00570255,3.94285,0,0,4,0,0,0,0,0,-0.001309
0.00876554,0.00577825,3.94503,0,0,4,0,0,0,0,0,-0.00135667
0.00876554,0.00577825,3.94503,0,0,4,0,0,0,0,0,-0.00135667
0.00860859,0.00579146,3.94642,0,0,4,0,0,0,0,0,-0.00145377
0.00860859,0.00579146,3.94642,0,0,4,0,0,0,0,0,-0.00149424
0.00860859,0.00579146,3.94642,0,0,4,0,0,0,0,0,-0.00153428
0.00831605,0.0057531,3.94845,0,0,4,0,0,0,0,0,-0.00153428
0.00831605,0.0057531,3.94845,0,0,4,0,0,0,0,0,-0.0015772
0.00806925,0.00568261,3.94977,0,0,4,0,0,0,0,0,-0.001644
0.00806925,0.00568261,3.94977,0,0,4,0,0,0,0,0,-0.00166287
0.00806925,0.00568261,3.94977,0,0,4,0,0,0,0,0,-0.00166287
0.00762196,0.00553624,3.95167,0,0,4,0,0,0,0,0,-0.00170919
0.00762196,0.00553624,3.95167,0,0,4,0,0,0,0,0,-0.00172859
0.00762196,0.00553624,3.95167,0,0,4,0,0,0,0,0,-0.00179403
0.00729112,0.00541186,3.9529,0,0,4,0,0,0,0,0,-0.00183146
0.00729112,0.00541186,3.9529,0,0,4,0,0,0,0,0,-0.00186835
0.00729112,0.00541186,3.9529,0,0,4,0,0,0,0,0,-0.00188667
0.0066613,0.00522791,3.95469,0,0,4,0,0,0,0,0,-0.00192516
0.0066613,0.00522791,3.95469,0,0,4,0,0,0,0,0,-0.00197072
0.00622638,0.00508366,3.95586,0,0,4,0,0,0,0,0,-0.00199934
0.00622638,0.00508366,3.95586,0,0,4,0,0,0,0,0,-0.00202564
0.00622638,0.00508366,3.95586,0,0,4,0,0,0,0,0,-0.00205989
0.00546376,0.00490695,3.95753,0,0,4,0,0,0,0,0,-0.00207366
0.00546376,0.00490695,3.95753,0,0,4,0,0,0,0,0,-0.00212101
0.00492777,0.00478641,3.95861,0,0,4,0,0,0,0,0,-0.00215167
0.00492777,0.00478641,3.95861,0,0,4,0,0,0,0,0,-0.00218161
0.00492777,0.00478641,3.95861,0,0,4,0,0,0,0,0,-0.0021977
0.00408427,0.00460581,3.96018,0,0,4,0,0,0,0,0,-0.00224248
0.00408427,0.00460581,3.96018,0,0,4,0,0,0,0,0,-0.00225155
0.00347342,0.00449947,3.96122,0,0,4,0,0,0,0,0,-0.00228106
0.00347342,0.00449947,3.96122,0,0,4,0,0,0,0,0,-0.00229836
0.00347342,0.00449947,3.96122,0,0,4,0,0,0,0,0,-0.00232652
0.00252893,0.00433516,3.96273,0,0,4,0,0,0,0,0,-0.0023511
0.00252893,0.00433516,3.96273,0,0,4,0,0,0,0,0,-0.00237255
0.00186965,0.00423633,3.96372,0,0,4,0,0,0,0,0,-0.00240315
0.00186965,0.00423633,3.96372,0,0,4,0,0,0,0,0,-0.00242961
0.00186965,0.00423633,3.96372,0,0,4,0,0,0,0,0,-0.00243789
0.000819485,0.00411602,3.96518,0,0,4,0,0,0,0,0,-0.00247393
0.000819485,0.00411602,3.96518,0,0,4,0,0,0,0,0,-0.00249916
0.000101847,0.00403834,3.96613,0,0,4,0,0,0,0,0,-0.00252696
0.000101847,0.00403834,3.96613,0,0,4,0,0,0,0,0,-0.00252696
0.000101847,0.00403834,3.96613,0,0,4,0,0,0,0,0,-0.00258943
-0.0010931,0.00396345,3.96753,0,0,4,0,0,0,0,0,-0.00264354
-0.0010931,0.00396345,3.96753,0,0,4,0,0,0,0,0,-0.00268268
-0.00191357,0.00392608,3.96844,0,0,4,0,0,0,0,0,-0.00272272
-0.00191357,0.00392608,3.96844,0,0,4,0,0,0,0,0,-0.00274911
-0.00191357,0.00392608,3.96844,0,0,4,0,0,0,0,0,-0.00280822
-0.00317523,0.00389026,3.9698,0,0,4,0,0,0,0,0,-0.00285482
-0.00317523,0.00389026,3.9698,0,0,4,0,0,0,0,0,-0.00285482
-0.00317523,0.00389026,3.9698,0,0,4,0,0,0,0,0,-0.00290415
-0.00407839,0.00392894,3.97066,0,0,4,0,0,0,0,0,-0.00296165
-0.00407839,0.00392894,3.97066,0,0,4,0,0,0,0,0,-0.00298616
-0.00539867,0.00397429,3.97193,0,0,4,0,0,0,0,0,-0.00310058
-0.00539867,0.00397429,3.97193,0,0,4,0,0,0,0,0,-0.00310058
-0.00539867,0.00397429,3.97193,0,0,4,0,0,0,0,0,-0.00315396
-0.00631474,0.00406085,3.97272,0,0,4,0,0,0,0,0,-0.00318636
-0.00631474,0.00406085,3.97272,0,0,4,0,0,0,0,0,-0.00327444
-0.00767994,0.00421116,3.97387,0,0,4,0,0,0,0,0,-0.00332876
-0.00767994,0.00421116,3.97387,0,0,4,0,0,0,0,0,-0.00339301
-0.00767994,0.00421116,3.97387,0,0,4,0,0,0,0,0,-0.00342823
-0.00860228,0.00434758,3.97461,0,0,4,0,0,0,0,0,-0.00349586
-0.00860228,0.00434758,3.97461,0,0,4,0,0,0,0,0,-0.0035864
-0.00995863,0.0046143,3.97568,0,0,4,0,0,0,0,0,-0.00365818
-0.00995863,0.0046143,3.97568,0,0,4,0,0,0,0,0,-0.00373262
-0.00995863,0.0046143,3.97568,0,0,4,0,0,0,0,0,-0.00380799
-0.0108366,0.00480875,3.97636,0,0,4,0,0,0,0,0,-0.00387716
-0.0108366,0.00480875,3.97636,0,0,4,0,0,0,0,0,-0.00394515
-0.0108366,0.00480875,3.97636,0,0,4,0,0,0,0,0,-0.00401357
-0.0116898,0.00505579,3.97701,0,0,4,0,0,0,0,0,-0.00409107
-0.0116898,0.00505579,3.97701,0,0,4,0,0,0,0,0,-0.00416463
-0.0129124,0.00545059,3.97796,0,0,4,0,0,0,0,0,-0.00422905
-0.0129124,0.00545059,3.97796,0,0,4,0,0,0,0,0,-0.00426619
-0.0129124,0.00545059,3.97796,0,0,4,0,0,0,0,0,-0.00438761
-0.0136869,0.00575106,3.97856,0,0,4,0,0,0,0,0,-0.00445292
-0.0136869,0.00575106,3.97856,0,0,4,0,0,0,0,0,-0.00448217
-0.0147928,0.00624412,3.97942,0,0,4,0,0,0,0,0,-0.00458449
-0.0147928,0.00624412,3.97942,0,0,4,0,0,0,0,0,-0.00465212
-0.0147928,0.00624412,3.97942,0,0,4,0,0,0,0,0,-0.00471109
-0.0158243,0.00675872,3.98024,0,0,4,0,0,0,0,0,-0.00477174
-0.0158243,0.00675872,3.98024,0,0,4,0,0,0,0,0,-0.00477174
-0.0158243,0.00675872,3.98024,0,0,4,0,0,0,0,0,-0.00480193
-0.0164673,0.00710728,3.98075,0,0,4,0,0,0,0,0,-0.0049582
-0.0164673,0.00710728,3.98075,0,0,4,0,0,0,0,0,-0.0049582
-0.0173913,0.00762792,3.98146,0,0,4,0,0,0,0,0,-0.00501562
-0.0173913,0.00762792,3.98146,0,0,4,0,0,0,0,0,-0.00507939
-0.0173913,0.00762792,3.98146,0,0,4,0,0,0,0,0,-0.00510876
-0.0179681,0.00797041,3.9819,0,0,4,0,0,0,0,0,-0.00518574
-0.0179681,0.00797041,3.9819,0,0,4,0,0,0,0,0,-0.00523776
-0.0188076,0.00848079,3.98248,0,0,4,0,0,0,0,0,-0.00526276
-0.0188076,0.00848079,3.98248,0,0,4,0,0,0,0,0,-0.00531345
-0.0188076,0.00848079,3.98248,0,0,4,0,0,0,0,0,-0.00536515
-0.0193299,0.00881463,3.98283,0,0,4,0,0,0,0,0,-0.00544757
-0.0193299,0.00881463,3.98283,0,0,4,0,0,0,0,0,-0.00549981
-0.0200657,0.00934256,3.98327,0,0,4,0,0,0,0,0,-0.00552045
-0.0200657,0.00934256,3.98327,0,0,4,0,0,0,0,0,-0.00557457
-0.0200657,0.00934256,3.98327,0,0,4,0,0,0,0,0,-0.00563977
-0.0205192,0.00968303,3.98354,0,0,4,0,0,0,0,0,-0.00568198
-0.0205192,0.00968303,3.98354,0,0,4,0,0,0,0,0,-0.0057032
-0.0205192,0.00968303,3.98354,0,0,4,0,0,0,0,0,-0.00577268
-0.0211403,0.0101763,3.98392,0,0,4,0,0,0,0,0,-0.00580906
-0.0211403,0.0101763,3.98392,0,0,4,0,0,0,0,0,-0.00584523
-0.0215038,0.0105016,3.98416,0,0,4,0,0,0,0,0,-0.00586443
-0.0215038,0.0105016,3.98416,0,0,4,0,0,0,0,0,-0.00591419
-0.0215038,0.0105016,3.98416,0,0,4,0,0,0,0,0,-0.00595095
-0.0219554,0.0109598,3.98451,0,0,4,0,0,0,0,0,-0.00598332
-0.0219554,0.0109598,3.98451,0,0,4,0,0,0,0,0,-0.00600284
-0.0221921,0.0112403,3.98473,0,0,4,0,0,0,0,0,-0.00603522
-0.0221921,0.0112403,3.98473,0,0,4,0,0,0,0,0,-0.00604708
-0.0221921,0.0112403,3.98473,0,0,4,0,0,0,0,0,-0.00606899
-0.0224606,0.0116063,3.98507,0,0,4,0,0,0,0,0,-0.00612035
-0.0224606,0.0116063,3.98507,0,0,4,0,0,0,0,0,-0.00612035
-0.022584,0.0118237,3.9853,0,0,4,0,0,0,0,0,-0.00617527
-0.022584,0.0118237,3.9853,0,0,4,0,0,0,0,0,-0.00620989
-0.022584,0.0118237,3.9853,0,0,4,0,0,0,0,0,-0.00623951
-0.0227017,0.0121262,3.98559,0,0,4,0,0,0,0,0,-0.00626703
-0.0227017,0.0121262,3.98559,0,0,4,0,0,0,0,0,-0.00626703
-0.0227238,0.0123292,3.98577,0,0,4,0,0,0,0,0,-0.00631687
-0.0227238,0.0123292,3.98577,0,0,4,0,0,0,0,0,-0.0063422
-0.0227238,0.0123292,3.98577,0,0,4,0,0,0,0,0,-0.0063422
-0.022673,0.0126314,3.98602,0,0,4,0,0,0,0,0,-0.00635659
-0.022673,0.0126314,3.98602,0,0,4,0,0,0,0,0,-0.00639762
-0.022673,0.0126314,3.98602,0,0,4,0,0,0,0,0,-0.00641059
-0.0225841,0.0128203,3.98618,0,0,4,0,0,0,0,0,-0.00643122
-0.0225841,0.0128203,3.98618,0,0,4,0,0,0,0,0,-0.00644824
-0.0223702,0.0130828,3.9864,0,0,4,0,0,0,0,0,-0.00647874
-0.0223702,0.0130828,3.9864,0,0,4,0,0,0,0,0,-0.00649386
-0.0223702,0.0130828,3.9864,0,0,4,0,0,0,0,0,-0.00651134
-0.0222036,0.0132478,3.98653,0,0,4,0,0,0,0,0,-0.00653549
-0.0222036,0.0132478,3.98653,0,0,4,0,0,0,0,0,-0.00656098
-0.0218883,0.0134674,3.98672,0,0,4,0,0,0,0,0,-0.00658327
-0.0218883,0.0134674,3.98672,0,0,4,0,0,0,0,0,-0.00659985
-0.0218883,0.0134674,3.98672,0,0,4,0,0,0,0,0,-0.00661767
-0.0216404,0.0135987,3.98685,0,0,4,0,0,0,0,0,-0.00663185
-0.0216404,0.0135987,3.98685,0,0,4,0,0,0,0,0,-0.00664277
-0.0212007,0.0137763,3.98706,0,0,4,0,0,0,0,0,-0.00664687
-0.0212007,0.0137763,3.98706,0,0,4,0,0,0,0,0,-0.0066703
-0.0212007,0.0137763,3.98706,0,0,4,0,0,0,0,0,-0.00668039
-0.0208662,0.0138755,3.98721,0,0,4,0,0,0,0,0,-0.0067132
-0.0208662,0.0138755,3.98721,0,0,4,0,0,0,0,0,-0.00673232
-0.0205003,0.0140074,3.98736,0,0,4,0,0,0,0,0,-0.00674098
-0.0205003,0.0140074,3.98736,0,0,4,0,0,0,0,0,-0.0067642
-0.0205003,0.0140074,3.98736,0,0,4,0,0,0,0,0,-0.00676943
-0.0198843,0.0141972,3.98761,0,0,4,0,0,0,0,0,-0.00676855
-0.0198843,0.0141972,3.98761,0,0,4,0,0,0,0,0,-0.00676939
-0.0198843,0.0141972,3.98761,0,0,4,0,0,0,0,0,-0.00677361
-0.0191873,0.0144027,3.98787,0,0,4,0,0,0,0,0,-0.00678732
-0.0191873,0.0144027,3.98787,0,0,4,0,0,0,0,0,-0.00679717
-0.0186698,0.0145633,3.98805,0,0,4,0,0,0,0,0,-0.00679168
-0.0186698,0.0145633,3.98805,0,0,4,0,0,0,0,0,-0.00679092
-0.0186698,0.0145633,3.98805,0,0,4,0,0,0,0,0,-0.00679171
-0.0178554,0.0147909,3.98834,0,0,4,0,0,0,0,0,-0.00678041
-0.0178554,0.0147909,3.98834,0,0,4,0,0,0,0,0,-0.00676573
-0.017293,0.0149574,3.98852,0,0,4,0,0,0,0,0,-0.00676034
-0.017293,0.0149574,3.98852,0,0,4,0,0,0,0,0,-0.00676034
-0.017293,0.0149574,3.98852,0,0,4,0,0,0,0,0,-0.00674093
-0.0164199,0.0151815,3.98879,0,0,4,0,0,0,0,0,-0.00672706
-0.0164199,0.0151815,3.98879,0,0,4,0,0,0,0,0,-0.00672706
-0.0164199,0.0151815,3.98879,0,0,4,0,0,0,0,0,-0.00671568
-0.0158215,0.0153297,3.98896,0,0,4,0,0,0,0,0,-0.00670524
-0.0158215,0.0153297,3.98896,0,0,4,0,0,0,0,0,-0.00668659
-0.0148859,0.0155607,3.98916,0,0,4,0,0,0,0,0,-0.00667688
-0.0148859,0.0155607,3.98916,0,0,4,0,0,0,0,0,-0.00664255
-0.0148859,0.0155607,3.98916,0,0,4,0,0,0,0,0,-0.00662059
-0.0142447,0.0157002,3.98928,0,0,4,0,0,0,0,0,-0.00660592
-0.0142447,0.0157002,3.98928,0,0,4,0,0,0,0,0,-0.00656385
-0.0136019,0.0158546,3.98936,0,0,4,0,0,0,0,0,-0.00654554
-0.0136019,0.0158546,3.98936,0,0,4,0,0,0,0,0,-0.00648582
-0.0136019,0.0158546,3.98936,0,0,4,0,0,0,0,0,-0.00647057
-0.012628,0.016049,3.98946,0,0,4,0,0,0,0,0,-0.00642902
-0.012628,0.016049,3.98946,0,0,4,0,0,0,0,0,-0.00640307
-0.011653,0.0162109,3.98951,0,0,4,0,0,0,0,0,-0.00639052
-0.011653,0.0162109,3.98951,0,0,4,0,0,0,0,0,-0.00636272
-0.011653,0.0162109,3.98951,0,0,4,0,0,0,0,0,-0.00633877
-0.011009,0.0163126,3.98949,0,0,4,0,0,0,0,0,-0.00632273
-0.011009,0.0163126,3.98949,0,0,4,0,0,0,0,0,-0.00630204
-0.011009,0.0163126,3.98949,0,0,4,0,0,0,0,0,-0.00628056
-0.0100532,0.0164296,3.98947,0,0,4,0,0,0,0,0,-0.00625839
-0.0100532,0.0164296,3.98947,0,0,4,0,0,0,0,0,-0.00624703
-0.00943138,0.0164957,3.98945,0,0,4,0,0,0,0,0,-0.00620771
-0.00943138,0.0164957,3.98945,0,0,4,0,0,0,0,0,-0.0061882
-0.00943138,0.0164957,3.98945,0,0,4,0,0,0,0,0,-0.0061721
-0.00852016,0.0165748,3.9894,0,0,4,0,0,0,0,0,-0.00613991
-0.00852016,0.0165748,3.9894,0,0,4,0,0,0,0,0,-0.00612465
-0.00792501,0.0166045,3.98938,0,0,4,0,0,0,0,0,-0.00610379
-0.00792501,0.0166045,3.98938,0,0,4,0,0,0,0,0,-0.00608552
-0.00792501,0.0166045,3.98938,0,0,4,0,0,0,0,0,-0.00606688
-0.00705389,0.016644,3.98931,0,0,4,0,0,0,0,0,-0.00604393
-0.00705389,0.016644,3.98931,0,0,4,0,0,0,0,0,-0.00602802
-0.00648449,0.0166395,3.98928,0,0,4,0,0,0,0,0,-0.00601106
-0.00648449,0.0166395,3.98928,0,0,4,0,0,0,0,0,-0.00599074
-0.00648449,0.0166395,3.98928,0,0,4,0,0,0,0,0,-0.00596316
-0.00563271,0.0166729,3.98922,0,0,4,0,0,0,0,0,-0.00594937
-0.00563271,0.0166729,3.98922,0,0,4,0,0,0,0,0,-0.00594937
-0.00563271,0.0166729,3.98922,0,0,4,0,0,0,0,0,-0.00591225
-0.00507747,0.0166888,3.98918,0,0,4,0,0,0,0,0,-0.0058664
-0.00507747,0.0166888,3.98918,0,0,4,0,0,0,0,0,-0.0058664
-0.00426687,0.0167035,3.98913,0,0,4,0,0,0,0,0,-0.00582679
-0.00426687,0.0167035,3.98913,0,0,4,0,0,0,0,0,-0.00579639
-0.00426687,0.0167035,3.98913,0,0,4,0,0,0,0,0,-0.0057592
-0.00372502,0.0167624,3.98907,0,0,4,0,0,0,0,0,-0.00571502
-0.00372502,0.0167624,3.98907,0,0,4,0,0,0,0,0,-0.00567551
-0.00293386,0.0168501,3.989,0,0,4,0,0,0,0,0,-0.0056317
-0.00293386,0.0168501,3.989,0,0,4,0,0,0,0,0,-0.00560966
-0.00293386,0.0168501,3.989,0,0,4,0,0,0,0,0,-0.00552205
-0.00241207,0.0169383,3.98895,0,0,4,0,0,0,0,0,-0.00549688
-0.00241207,0.0169383,3.98895,0,0,4,0,0,0,0,0,-0.00541764
-0.00241207,0.0169383,3.98895,0,0,4,0,0,0,0,0,-0.00536075
-0.00165762,0.0170932,3.98886,0,0,4,0,0,0,0,0,-0.0053272
-0.00165762,0.0170932,3.98886,0,0,4,0,0,0,0,0,-0.00523492
-0.00117825,0.0171894,3.9888,0,0,4,0,0,0,0,0,-0.005169
-0.00117825,0.0171894,3.9888,0,0,4,0,0,0,0,0,-0.00509454
-0.00117825,0.0171894,3.9888,0,0,4,0,0,0,0,0,-0.00502101
-0.000721747,0.0173427,3.98875,0,0,4,0,0,0,0,0,-0.0049811
-0.000721747,0.0173427,3.98875,0,0,4,0,0,0,0,0,-0.0049811
-8.45658e-05,0.0175389,3.9887,0,0,4,0,0,0,0,0,-0.00478044
-8.45658e-05,0.0175389,3.9887,0,0,4,0,0,0,0,0,-0.00470143
-8.45658e-05,0.0175389,3.9887,0,0,4,0,0,0,0,0,-0.00470143
0.000495168,0.0177109,3.98867,0,0,4,0,0,0,0,0,-0.00461751
0.000495168,0.0177109,3.98867,0,0,4,0,0,0,0,0,-0.00453745
0.000495168,0.0177109,3.98867,0,0,4,0,0,0,0,0,-0.00444939
0.000888545,0.0177883,3.98868,0,0,4,0,0,0,0,0,-0.00436943
0.000888545,0.0177883,3.98868,0,0,4,0,0,0,0,0,-0.00428837
0.00143191,0.0178643,3.98873,0,0,4,0,0,0,0,0,-0.00420313
0.00143191,0.0178643,3.98873,0,0,4,0,0,0,0,0,-0.00411446
0.00143191,0.0178643,3.98873,0,0,4,0,0,0,0,0,-0.00403201
0.00179083,0.0179044,3.98878,0,0,4,0,0,0,0,0,-0.00398611
0.00179083,0.0179044,3.98878,0,0,4,0,0,0,0,0,-0.00385405
0.00228687,0.0179156,3.98889,0,0,4,0,0,0,0,0,-0.00380851
0.00228687,0.0179156,3.98889,0,0,4,0,0,0,0,0,-0.00372176
0.00228687,0.0179156,3.98889,0,0,4,0,0,0,0,0,-0.00358938
0.0025925,0.0178838,3.98898,0,0,4,0,0,0,0,0,-0.00350212
0.0025925,0.0178838,3.98898,0,0,4,0,0,0,0,0,-0.00346163
0.00303788,0.0177935,3.98916,0,0,4,0,0,0,0,0,-0.00334116
0.00303788,0.0177935,3.98916,0,0,4,0,0,0,0,0,-0.00330088
0.00303788,0.0177935,3.98916,0,0,4,0,0,0,0,0,-0.00317783
0.00331574,0.0177087,3.98929,0,0,4,0,0,0,0,0,-0.00309364
0.00331574,0.0177087,3.98929,0,0,4,0,0,0,0,0,-0.00301154
0.00331574,0.0177087,3.98929,0,0,4,0,0,0,0,0,-0.00293492
0.00358647,0.0175888,3.98944,0,0,4,0,0,0,0,0,-0.00289941
0.00358647,0.0175888,3.98944,0,0,4,0,0,0,0,0,-0.00278537
0.00395778,0.01738,3.98967,0,0,4,0,0,0,0,0,-0.00271624
0.00395778,0.01738,3.98967,0,0,4,0,0,0,0,0,-0.00264741
0.00395778,0.01738,3.98967,0,0,4,0,0,0,0,0,-0.00258415
0.0042952,0.0171375,3.9899,0,0,4,0,0,0,0,0,-0.00251761
0.0042952,0.0171375,3.9899,0,0,4,0,0,0,0,0,-0.00248648
0.00452482,0.0169611,3.99005,0,0,4,0,0,0,0,0,-0.00238243
0.00452482,0.0169611,3.99005,0,0,4,0,0,0,0,0,-0.00232066
0.00452482,0.0169611,3.99005,0,0,4,0,0,0,0,0,-0.00229375
0.00483389,0.0166699,3.9903,0,0,4,0,0,0,0,0,-0.00219554
0.00483389,0.0166699,3.9903,0,0,4,0,0,0,0,0,-0.00213404
0.00502336,0.0164631,3.99048,0,0,4,0,0,0,0,0,-0.00207111
0.00502336,0.0164631,3.99048,0,0,4,0,0,0,0,0,-0.00200707
0.00502336,0.0164631,3.99048,0,0,4,0,0,0,0,0,-0.00194718
0.00528809,0.0161119,3.99076,0,0,4,0,0,0,0,0,-0.0018909
0.00528809,0.0161119,3.99076,0,0,4,0,0,0,0,0,-0.0018909
0.00528809,0.0161119,3.99076,0,0,4,0,0,0,0,0,-0.00183302
0.00544429,0.0158548,3.99094,0,0,4,0,0,0,0,0,-0.0017273
0.00544429,0.0158548,3.99094,0,0,4,0,0,0,0,0,-0.0017273
0.00567979,0.0154155,3.99123,0,0,4,0,0,0,0,0,-0.0016767
0.00567979,0.0154155,3.99123,0,0,4,0,0,0,0,0,-0.0016157
0.00567979,0.0154155,3.99123,0,0,4,0,0,0,0,0,-0.00157081
0.00582306,0.0150984,3.99143,0,0,4,0,0,0,0,0,-0.00152807
0.00582306,0.0150984,3.99143,0,0,4,0,0,0,0,0,-0.00147602
0.00603016,0.0145631,3.99172,0,0,4,0,0,0,0,0,-0.0014489
0.00603016,0.0145631,3.99172,0,0,4,0,0,0,0,0,-0.0013685
0.00603016,0.0145631,3.99172,0,0,4,0,0,0,0,0,-0.00131736
0.00615259,0.0141869,3.99193,0,0,4,0,0,0,0,0,-0.00126509
0.00615259,0.0141869,3.99193,0,0,4,0,0,0,0,0,-0.00121289
0.00615259,0.0141869,3.99193,0,0,4,0,0,0,0,0,-0.00116855
0.00631412,0.0135951,3.99225,0,0,4,0,0,0,0,0,-0.00114849
0.00631412,0.0135951,3.99225,0,0,4,0,0,0,0,0,-0.0010888
0.00643745,0.0132024,3.99249,0,0,4,0,0,0,0,0,-0.0010709
0.00643745,0.0132024,3.99249,0,0,4,0,0,0,0,0,-0.00100118
0.00643745,0.0132024,3.99249,0,0,4,0,0,0,0,0,-0.000962488
0.00660493,0.0125983,3.99287,0,0,4,0,0,0,0,0,-0.000919928
0.00660493,0.0125983,3.99287,0,0,4,0,0,0,0,0,-0.000878997
0.00671748,0.0121865,3.99313,0,0,4,0,0,0,0,0,-0.000835989
0.00671748,0.0121865,3.99313,0,0,4,0,0,0,0,0,-0.000793862
0.00671748,0.0121865,3.99313,0,0,4,0,0,0,0,0,-0.000758714
0.00687273,0.0115991,3.9935,0,0,4,0,0,0,0,0,-0.000717241
0.00687273,0.0115991,3.9935,0,0,4,0,0,0,0,0,-0.000679481
0.0069602,0.0112146,3.99375,0,0,4,0,0,0,0,0,-0.000638796
0.0069602,0.0112146,3.99375,0,0,4,0,0,0,0,0,-0.000596264
0.0069602,0.0112146,3.99375,0,0,4,0,0,0,0,0,-0.000551779
0.00714195,0.0106922,3.99411,0,0,4,0,0,0,0,0,-0.000506809
0.00714195,0.0106922,3.99411,0,0,4,0,0,0,0,0,-0.000474083
0.00714195,0.0106922,3.99411,0,0,4,0,0,0,0,0,-0.000474083
0.00726719,0.0103555,3.99435,0,0,4,0,0,0,0,0,-0.000417528
0.00726719,0.0103555,3.99435,0,0,4,0,0,0,0,0,-0.000417528
0.00746078,0.00986709,3.99469,0,0,4,0,0,0,0,0,-0.000378889
0.00746078,0.00986709,3.99469,0,0,4,0,0,0,0,0,-0.000331912
0.00746078,0.00986709,3.99469,0,0,4,0,0,0,0,0,-0.000312064
0.00759295,0.00955712,3.99489,0,0,4,0,0,0,0,0,-0.000255286
0.00759295,0.00955712,3.99489,0,0,4,0,0,0,0,0,-0.000236814
0.00779736,0.00911622,3.99517,0,0,4,0,0,0,0,0,-0.000179491
0.00779736,0.00911622,3.99517,0,0,4,0,0,0,0,0,-0.000144116
0.00779736,0.00911622,3.99517,0,0,4,0,0,0,0,0,-0.000110479
0.00798117,0.00885055,3.9953,0,0,4,0,0,0,0,0,-7.83988e-05
0.00798117,0.00885055,3.9953,0,0,4,0,0,0,0,0,-4.58015e-05
0.00798117,0.00885055,3.9953,0,0,4,0,0,0,0,0,-9.51746e-06
0.00823961,0.00845978,3.99548,0,0,4,0,0,0,0,0,2.32398e-05
0.00823961,0.00845978,3.99548,0,0,4,0,0,0,0,0,4.79528e-05
0.00841041,0.0082121,3.99561,0,0,4,0,0,0,0,0,6.21001e-05
0.00841041,0.0082121,3.99561,0,0,4,0,0,0,0,0,0.0001077
0.00841041,0.0082121,3.99561,0,0,4,0,0,0,0,0,0.0001077
0.00866324,0.00786365,3.99579,0,0,4,0,0,0,0,0,0.000158778
0.00866324,0.00786365,3.99579,0,0,4,0,0,0,0,0,0.000171839
0.00866324,0.00786365,3.99579,0,0,4,0,0,0,0,0,0.000171839
0.00882105,0.0076406,3.99591,0,0,4,0,0,0,0,0,0.000243308
0.00882105,0.0076406,3.99591,0,0,4,0,0,0,0,0,0.000243308
0.00899776,0.00742375,3.99598,0,0,4,0,0,0,0,0,0.000299727
0.00899776,0.00742375,3.99598,0,0,4,0,0,0,0,0,0.000299727
0.00899776,0.00742375,3.99598,0,0,4,0,0,0,0,0,0.000325761
0.00923874,0.00710265,3.99608,0,0,4,0,0,0,0,0,0.000380066
0.00923874,0.00710265,3.99608,0,0,4,0,0,0,0,0,0.000380066
0.00945723,0.00679107,3.99616,0,0,4,0,0,0,0,0,0.000390918
0.00945723,0.00679107,3.99616,0,0,4,0,0,0,0,0,0.000419341
0.00945723,0.00679107,3.99616,0,0,4,0,0,0,0,0,0.000447004
0.00958757,0.00660606,3.9962,0,0,4,0,0,0,0,0,0.000457561
0.00958757,0.00660606,3.9962,0,0,4,0,0,0,0,0,0.000486895
0.00975368,0.00635182,3.99629,0,0,4,0,0,0,0,0,0.000499527
0.00975368,0.00635182,3.99629,0,0,4,0,0,0,0,0,0.000508588
0.00975368,0.00635182,3.99629,0,0,4,0,0,0,0,0,0.000518847
0.00984606,0.00620935,3.99635,0,0,4,0,0,0,0,0,0.000550578
0.00984606,0.00620935,3.99635,0,0,4,0,0,0,0,0,0.000565501
0.00984606,0.00620935,3.99635,0,0,4,0,0,0,0,0,0.000576356
0.00994849,0.00602071,3.99645,0,0,4,0,0,0,0,0,0.000584482
0.00994849,0.00602071,3.99645,0,0,4,0,0,0,0,0,0.000583591
0.00998717,0.00592421,3.9965,0,0,4,0,0,0,0,0,0.000587845
0.00998717,0.00592421,3.9965,0,0,4,0,0,0,0,0,0.000587086
0.00998717,0.00592421,3.9965,0,0,4,0,0,0,0,0,0.000585021
0.0100116,0.00580131,3.99656,0,0,4,0,0,0,0,0,0.00058384
0.0100116,0.00580131,3.99656,0,0,4,0,0,0,0,0,0.000579516
0.0100087,0.00572848,3.99661,0,0,4,0,0,0,0,0,0.000567376
0.0100087,0.00572848,3.99661,0,0,4,0,0,0,0,0,0.000565056
0.0100087,0.00572848,3.99661,0,0,4,0,0,0,0,0,0.000565507
0.00998549,0.00566088,3.99667,0,0,4,0,0,0,0,0,0.000564105
0.00998549,0.00566088,3.99667,0,0,4,0,0,0,0,0,0.000562429
0.00998549,0.00566088,3.99667,0,0,4,0,0,0,0,0,0.000562429
0.009955,0.00563286,3.9967,0,0,4,0,0,0,0,0,0.000543009
0.009955,0.00563286,3.9967,0,0,4,0,0,0,0,0,0.000528086
0.00988764,0.00561501,3.99676,0,0,4,0,0,0,0,0,0.000522069
0.00988764,0.00561501,3.99676,0,0,4,0,0,0,0,0,0.000518061
0.00988764,0.00561501,3.99676,0,0,4,0,0,0,0,0,0.000518061
0.00981965,0.00565171,3.99682,0,0,4,0,0,0,0,0,0.00050635
0.00981965,0.00565171,3.99682,0,0,4,0,0,0,0,0,0.000486029
0.00969027,0.00573108,3.9969,0,0,4,0,0,0,0,0,0.000473662
0.00969027,0.00573108,3.9969,0,0,4,0,0,0,0,0,0.000441353
0.00969027,0.00573108,3.9969,0,0,4,0,0,0,0,0,0.000441353
0.00958475,0.00581476,3.99696,0,0,4,0,0,0,0,0,0.000415375
0.00958475,0.00581476,3.99696,0,0,4,0,0,0,0,0,0.000394496
0.00938382,0.00597597,3.99703,0,0,4,0,0,0,0,0,0.000384925
0.00938382,0.00597597,3.99703,0,0,4,0,0,0,0,0,0.000367695
0.00938382,0.00597597,3.99703,0,0,4,0,0,0,0,0,0.000347308
0.00923174,0.00609439,3.99707,0,0,4,0,0,0,0,0,0.000322741
0.00923174,0.00609439,3.99707,0,0,4,0,0,0,0,0,0.000295802
0.00923174,0.00609439,3.99707,0,0,4,0,0,0,0,0,0.000276416
0.0089782,0.00629669,3.99711,0,0,4,0,0,0,0,0,0.000264044
0.0089782,0.00629669,3.99711,0,0,4,0,0,0,0,0,0.000232702
0.00879784,0.00643046,3.99715,0,0,4,0,0,0,0,0,0.000203412
0.00879784,0.00643046,3.99715,0,0,4,0,0,0,0,0,0.000182935
0.00879784,0.00643046,3.99715,0,0,4,0,0,0,0,0,0.000167227
0.00852204,0.00669375,3.99721,0,0,4,0,0,0,0,0,0.000140611
0.00852204,0.00669375,3.99721,0,0,4,0,0,0,0,0,0.000129779
0.0083373,0.00686984,3.99726,0,0,4,0,0,0,0,0,9.48046e-05
0.0083373,0.00686984,3.99726,0,0,4,0,0,0,0,0,8.35003e-05
0.0083373,0.00686984,3.99726,0,0,4,0,0,0,0,0,5.43711e-05
0.00805728,0.00713406,3.99736,0,0,4,0,0,0,0,0,3.26077e-05
0.00805728,0.00713406,3.99736,0,0,4,0,0,0,0,0,9.95751e-06
0.00786341,0.00728146,3.99744,0,0,4,0,0,0,0,0,-6.84896e-06
0.00786341,0.00728146,3.99744,0,0,4,0,0,0,0,0,-2.22161e-05
0.00786341,0.00728146,3.99744,0,0,4,0,0,0,0,0,-3.49009e-05
0.00756268,0.00749369,3.99754,0,0,4,0,0,0,0,0,-4.59469e-05
0.00756268,0.00749369,3.99754,0,0,4,0,0,0,0,0,-7.41365e-05
0.0073587,0.00762717,3.99761,0,0,4,0,0,0,0,0,-8.57757e-05
0.0073587,0.00762717,3.99761,0,0,4,0,0,0,0,0,-0.000104706
0.0073587,0.00762717,3.99761,0,0,4,0,0,0,0,0,-0.00011515
0.00715824,0.00774823,3.99766,0,0,4,0,0,0,0,0,-0.000121174
0.00715824,0.00774823,3.99766,0,0,4,0,0,0,0,0,-0.000143823
0.00715824,0.00774823,3.99766,0,0,4,0,0,0,0,0,-0.000143823
0.00686164,0.00791096,3.99771,0,0,4,0,0,0,0,0,-0.000164308
0.00686164,0.00791096,3.99771,0,0,4,0,0,0,0,0,-0.00019246
0.00665399,0.00801211,3.99772,0,0,4,0,0,0,0,0,-0.00019246
0.00665399,0.00801211,3.99772,0,0,4,0,0,0,0,0,-0.000206724
0.00665399,0.00801211,3.99772,0,0,4,0,0,0,0,0,-0.000216507
0.00634266,0.00815937,3.9977,0,0,4,0,0,0,0,0,-0.000225743
0.00634266,0.00815937,3.9977,0,0,4,0,0,0,0,0,-0.00024632
0.00603816,0.0083034,3.99766,0,0,4,0,0,0,0,0,-0.000261434
0.00603816,0.0083034,3.99766,0,0,4,0,0,0,0,0,-0.000261434
0.00603816,0.0083034,3.99766,0,0,4,0,0,0,0,0,-0.000280409
0.00584474,0.00839782,3.99761,0,0,4,0,0,0,0,0,-0.00029116
0.00584474,0.00839782,3.99761,0,0,4,0,0,0,0,0,-0.000296111
0.00555257,0.00852708,3.99755,0,0,4,0,0,0,0,0,-0.000316848
0.00555257,0.00852708,3.99755,0,0,4,0,0,0,0,0,-0.000333048
0.00555257,0.00852708,3.99755,0,0,4,0,0,0,0,0,-0.000339824
0.00537298,0.00859044,3.99746,0,0,4,0,0,0,0,0,-0.000350104
0.00537298,0.00859044,3.99746,0,0,4,0,0,0,0,0,-0.000358192
0.00519352,0.00864568,3.99738,0,0,4,0,0,0,0,0,-0.000367072
0.00519352,0.00864568,3.99738,0,0,4,0,0,0,0,0,-0.000377479
0.00519352,0.00864568,3.99738,0,0,4,0,0,0,0,0,-0.000385683
0.00496025,0.00870259,3.99723,0,0,4,0,0,0,0,0,-0.000410878
0.00496025,0.00870259,3.99723,0,0,4,0,0,0,0,0,-0.000421312
0.00496025,0.00870259,3.99723,0,0,4,0,0,0,0,0,-0.000421493
0.00476664,0.00873736,3.99707,0,0,4,0,0,0,0,0,-0.000433013
0.00476664,0.00873736,3.99707,0,0,4,0,0,0,0,0,-0.000448772
0.00465028,0.00874954,3.99697,0,0,4,0,0,0,0,0,-0.00045875
0.00465028,0.00874954,3.99697,0,0,4,0,0,0,0,0,-0.000472195
0.00465028,0.00874954,3.99697,0,0,4,0,0,0,0,0,-0.000486956
0.00458988,0.00878666,3.99678,0,0,4,0,0,0,0,0,-0.000504466
0.00458988,0.00878666,3.99678,0,0,4,0,0,0,0,0,-0.000525768
0.00458532,0.00881874,3.99668,0,0,4,0,0,0,0,0,-0.000549006
0.00458532,0.00881874,3.99668,0,0,4,0,0,0,0,0,-0.000574663
0.00458532,0.00881874,3.99668,0,0,4,0,0,0,0,0,-0.000607836
0.00463131,0.00887638,3.99654,0,0,4,0,0,0,0,0,-0.000622337
0.00463131,0.00887638,3.99654,0,0,4,0,0,0,0,0,-0.000656731
0.00471754,0.00892367,3.99646,0,0,4,0,0,0,0,0,-0.000686014
0.00471754,0.00892367,3.99646,0,0,4,0,0,0,0,0,-0.000686014
0.00471754,0.00892367,3.99646,0,0,4,0,0,0,0,0,-0.000746117
0.00485496,0.00898112,3.99637,0,0,4,0,0,0,0,0,-0.000746117
0.00485496,0.00898112,3.99637,0,0,4,0,0,0,0,0,-0.00077674
0.00485496,0.00898112,3.99637,0,0,4,0,0,0,0,0,-0.000801552
0.00496205,0.00901749,3.9963,0,0,4,0,0,0,0,0,-0.000833297
0.00496205,0.00901749,3.9963,0,0,4,0,0,0,0,0,-0.000864812
